{
  "basic_math": {
    "base": {
      "acc": 0.8,
      "time": 26.811442375183105,
      "runs": 5
    },
    "stochastic_rr": {
      "acc": 0.4,
      "time": 14.968739128112793,
      "runs": 5
    },
    "stochastic_no_rr": {
      "acc": 0.0,
      "time": 12.18114275932312,
      "runs": 5
    }
  }
}