{
  "base": {
    "acc": 0.8,
    "time": 34.29723687171936,
    "runs": 5
  },
  "stochastic_rr": {
    "acc": 0.8,
    "time": 23.903584432601928,
    "runs": 5
  },
  "stochastic_no_rr": {
    "acc": 0.2,
    "time": 15.83364577293396,
    "runs": 5
  }
}