{
  "base": {
    "acc": 0.6,
    "time": 20.72404828071594,
    "runs": 5
  },
  "stochastic_no_rr": {
    "acc": 0.8,
    "time": 19.577365779876708,
    "runs": 5
  },
  "stochastic_rr": {
    "acc": 1.0,
    "time": 31.461656284332275,
    "runs": 5
  }
}