{
  "base": {
    "acc": 0.8,
    "time": 26.080396127700805,
    "runs": 5
  },
  "stochastic_rr": {
    "acc": 0.6,
    "time": 13.707515668869018,
    "runs": 5
  },
  "stochastic_no_rr": {
    "acc": 0.0,
    "time": 13.707515668869018,
    "runs": 5
  }
}