{
  "basic_math": {
    "base": {
      "acc": 0.8,
      "time": 34.58567218780517,
      "runs": 5
    },
    "stochastic_no_rr": {
      "acc": 0.2,
      "time": 14.685201025009155,
      "runs": 5
    },
    "stochastic_rr": {
      "acc": 0.4,
      "time": 14.685201025009155,
      "runs": 5
    }
  }
}