{
  "basic_math": {
    "base": {
      "acc": 1.0,
      "time": 25.611256790161132,
      "runs": 5
    },
    "stochastic_no_rr": {
      "acc": 0.2,
      "time": 13.475206804275512,
      "runs": 5
    },
    "stochastic_rr": {
      "acc": 0.4,
      "time": 8.024246454238892,
      "runs": 5
    }
  }
}